{
<<<<<<< HEAD
    "rmse": 0.33927478638713765,
    "mae": 0.2012235861641852,
    "r2": 0.9537612234809254
=======
    "rmse": 0.33924755937381634,
    "mae": 0.20130115426184453,
    "r2": 0.9537686445644792
>>>>>>> af452be... data
}