{
    "rmse": 0.33927478638713765,
    "mae": 0.2012235861641852,
    "r2": 0.9537612234809254
}